{"cameraMode":{"drawMode":0,"name":"Shaded","section":"Shading Mode"},"sceneLighting":false,"audioPlay":false,"sceneViewState":{"showFog":true,"showMaterialUpdate":false,"showSkybox":false,"showFlares":true,"showImageEffects":true,"showParticleSystems":true},"in2DMode":false,"pivot":{"x":-2.499859094619751,"y":2.8794124126434328,"z":-3.672511577606201},"rotation":{"x":0.10119897127151489,"y":0.8871207237243652,"z":-0.2329656183719635,"w":0.3853604793548584},"size":5.472431182861328,"orthographic":false}